{"cameraMode":{"drawMode":0,"name":"Shaded","section":"Shading Mode"},"sceneLighting":false,"audioPlay":false,"sceneViewState":{"showFog":true,"showMaterialUpdate":false,"showSkybox":true,"showFlares":true,"showImageEffects":true,"showParticleSystems":true},"in2DMode":false,"pivot":{"x":22.943265914916993,"y":4.94373893737793,"z":-10.104302406311036},"rotation":{"x":0.17354817688465119,"y":-0.07172705233097077,"z":0.012673180550336838,"w":0.9821444153785706},"size":231.26499938964845,"orthographic":true}