{"cameraMode":{"drawMode":0,"name":"Shaded","section":"Shading Mode"},"sceneLighting":true,"audioPlay":false,"sceneViewState":{"showFog":true,"showMaterialUpdate":false,"showSkybox":true,"showFlares":true,"showImageEffects":true,"showParticleSystems":true},"in2DMode":false,"pivot":{"x":22.942031860351564,"y":-14.925980567932129,"z":-26.818138122558595},"rotation":{"x":0.4370749592781067,"y":-0.01349050085991621,"z":0.006556801497936249,"w":0.8993008136749268},"size":230.40005493164063,"orthographic":true}