{"cameraMode":{"drawMode":0,"name":"Shaded","section":"Shading Mode"},"sceneLighting":false,"audioPlay":false,"sceneViewState":{"showFog":true,"showMaterialUpdate":false,"showSkybox":true,"showFlares":true,"showImageEffects":true,"showParticleSystems":true},"in2DMode":false,"pivot":{"x":22.943265914916993,"y":4.94373893737793,"z":-10.104302406311036},"rotation":{"x":0.32082948088645937,"y":-0.1491842120885849,"z":0.05125075951218605,"w":0.933925211429596},"size":231.26499938964845,"orthographic":true}